<?xml version="1.0" encoding="UTF-8"?>

<records version="1.11" xmlns="org.hypernomicon">

<record type="folder" id="2">
  <creation_date>2022-03-07T22:05:57.5680737-06:00</creation_date>
  <modified_date>2022-03-07T22:05:57.5680737-06:00</modified_date>
  <view_date>2022-03-07T22:05:57.5680737-06:00</view_date>
  <parent_folder id="1">&lt;Root&gt;</parent_folder>
  <file_name>XML</file_name>
</record>

<record type="folder" id="3">
  <creation_date>2022-03-07T22:05:57.5680737-06:00</creation_date>
  <modified_date>2022-03-07T22:05:57.5680737-06:00</modified_date>
  <view_date>2022-03-07T22:05:57.5680737-06:00</view_date>
  <parent_folder id="1">&lt;Root&gt;</parent_folder>
  <file_name>Papers</file_name>
</record>

<record type="folder" id="4">
  <creation_date>2022-03-07T22:05:57.5680737-06:00</creation_date>
  <modified_date>2022-03-07T22:05:57.5680737-06:00</modified_date>
  <view_date>2022-03-07T22:05:57.5680737-06:00</view_date>
  <parent_folder id="1">&lt;Root&gt;</parent_folder>
  <file_name>Books</file_name>
</record>

<record type="folder" id="5">
  <creation_date>2022-03-07T22:05:57.5690711-06:00</creation_date>
  <modified_date>2022-03-07T22:05:57.5690711-06:00</modified_date>
  <view_date>2022-03-07T22:05:57.5690711-06:00</view_date>
  <parent_folder id="1">&lt;Root&gt;</parent_folder>
  <file_name>Misc</file_name>
</record>

<record type="folder" id="6">
  <creation_date>2022-03-07T22:05:57.5690711-06:00</creation_date>
  <modified_date>2022-03-07T22:05:57.5690711-06:00</modified_date>
  <view_date>2022-03-07T22:05:57.5690711-06:00</view_date>
  <parent_folder id="1">&lt;Root&gt;</parent_folder>
  <file_name>Pictures</file_name>
</record>

<record type="folder" id="7">
  <creation_date>2022-03-07T22:05:57.5690711-06:00</creation_date>
  <modified_date>2022-03-07T22:05:57.5690711-06:00</modified_date>
  <view_date>2022-03-07T22:05:57.5690711-06:00</view_date>
  <parent_folder id="1">&lt;Root&gt;</parent_folder>
  <file_name>Topical</file_name>
</record>

<record type="folder" id="8">
  <creation_date>2022-03-07T22:05:57.5690711-06:00</creation_date>
  <modified_date>2022-03-07T22:05:57.5690711-06:00</modified_date>
  <view_date>2022-03-07T22:05:57.5690711-06:00</view_date>
  <parent_folder id="1">&lt;Root&gt;</parent_folder>
  <file_name>Works not entered yet</file_name>
</record>

<record type="folder" id="9">
  <creation_date>2022-03-07T22:05:57.5690711-06:00</creation_date>
  <modified_date>2022-03-07T22:05:57.5690711-06:00</modified_date>
  <view_date>2022-03-07T22:05:57.5690711-06:00</view_date>
  <parent_folder id="1">&lt;Root&gt;</parent_folder>
  <file_name>Search results</file_name>
</record>





</records>