<?xml version="1.0" encoding="UTF-8"?>

<records version="1.0" xmlns="org.hypernomicon">

<record type="folder" id="2">
  <creation_date>2018-08-01T18:36:20.95-07:00</creation_date>
  <modified_date>2018-08-01T18:36:20.95-07:00</modified_date>
  <view_date>2018-08-01T18:36:20.95-07:00</view_date>
  <parent_folder id="1">Root</parent_folder>
  <file_name>Papers</file_name>
</record>

<record type="folder" id="3">
  <creation_date>2018-08-01T18:36:20.95-07:00</creation_date>
  <modified_date>2018-08-01T18:36:20.95-07:00</modified_date>
  <view_date>2018-08-01T18:36:20.95-07:00</view_date>
  <parent_folder id="1">Root</parent_folder>
  <file_name>Books</file_name>
</record>

<record type="folder" id="4">
  <creation_date>2018-08-01T18:36:20.95-07:00</creation_date>
  <modified_date>2018-08-01T18:36:20.95-07:00</modified_date>
  <view_date>2018-08-01T18:36:20.95-07:00</view_date>
  <parent_folder id="1">Root</parent_folder>
  <file_name>Misc</file_name>
</record>

<record type="folder" id="5">
  <creation_date>2018-08-01T18:36:20.95-07:00</creation_date>
  <modified_date>2018-08-01T18:36:20.95-07:00</modified_date>
  <view_date>2018-08-01T18:36:20.95-07:00</view_date>
  <parent_folder id="1">Root</parent_folder>
  <file_name>Pictures</file_name>
</record>

<record type="folder" id="6">
  <creation_date>2018-08-01T18:36:20.951-07:00</creation_date>
  <modified_date>2018-08-01T18:36:20.951-07:00</modified_date>
  <view_date>2018-08-01T18:36:20.951-07:00</view_date>
  <parent_folder id="1">Root</parent_folder>
  <file_name>Topical</file_name>
</record>

<record type="folder" id="7">
  <creation_date>2018-08-01T18:36:20.951-07:00</creation_date>
  <modified_date>2018-08-01T18:36:20.951-07:00</modified_date>
  <view_date>2018-08-01T18:36:20.951-07:00</view_date>
  <parent_folder id="1">Root</parent_folder>
  <file_name>Works not entered yet</file_name>
</record>

<record type="folder" id="8">
  <creation_date>2018-08-01T18:36:20.951-07:00</creation_date>
  <modified_date>2018-08-01T18:36:20.951-07:00</modified_date>
  <view_date>2018-08-01T18:36:20.951-07:00</view_date>
  <parent_folder id="1">Root</parent_folder>
  <file_name>Search results</file_name>
</record>





</records>