<?xml version="1.0" encoding="UTF-8"?>

<records version="1.1" xmlns="org.hypernomicon">

<record type="person_status" id="1" sort_key="A">Active</record>
<record type="person_status" id="2" sort_key="B">Retired</record>
<record type="person_status" id="3" sort_key="C">Non-retired, non-active</record>
<record type="person_status" id="4" sort_key="D">Unknown</record>
<record type="person_status" id="5" sort_key="E">Deceased</record>



<record type="rank" id="1" sort_key="A">Professor</record>
<record type="rank" id="2" sort_key="C">Postdoc researcher</record>
<record type="rank" id="3" sort_key="B">Non-tenure-track instructor</record>
<record type="rank" id="4" sort_key="E">Grad student</record>
<record type="rank" id="5" sort_key="D">Unemployed PhD</record>
<record type="rank" id="6" sort_key="G">Non-PhD, non-academic</record>
<record type="rank" id="7" sort_key="F">PhD, non-academic employment</record>
<record type="rank" id="8" sort_key="AA">Professor Emeritus</record>
<record type="rank" id="9" sort_key="AB">Lecturer</record>
<record type="rank" id="10" sort_key="ABA">Non-tenured permanent research position</record>
<record type="rank" id="11" sort_key="Non-PhD researcher">Non-PhD researcher</record>
<record type="rank" id="12" sort_key="Non-Academic Research Associate">Non-Academic Research Associate</record>
<record type="rank" id="13" sort_key="Non-Academic Research Fellow">Non-Academic Research Fellow</record>



<record type="field" id="1" sort_key="AAA">Philosophy</record>
<record type="field" id="2" sort_key="Linguistics">Linguistics</record>
<record type="field" id="3" sort_key="AAB">Psychology</record>
<record type="field" id="4" sort_key="AAC">Neuroscience</record>
<record type="field" id="5" sort_key="Robotics">Robotics</record>
<record type="field" id="6" sort_key="Law">Law</record>
<record type="field" id="7" sort_key="Computer science">Computer science</record>
<record type="field" id="8" sort_key="Non-academic">Non-academic</record>
<record type="field" id="9" sort_key="Physics">Physics</record>
<record type="field" id="10" sort_key="Medicine">Medicine</record>
<record type="field" id="11" sort_key="Anthropology">Anthropology</record>
<record type="field" id="12" sort_key="Sociology">Sociology</record>
<record type="field" id="13" sort_key="Education">Education</record>
<record type="field" id="14" sort_key="Mathematics">Mathematics</record>
<record type="field" id="15" sort_key="AAD">Cognitive science</record>
<record type="field" id="16" sort_key="Biology">Biology</record>
<record type="field" id="17" sort_key="Architecture">Architecture</record>
<record type="field" id="18" sort_key="Economics">Economics</record>
<record type="field" id="19" sort_key="Ocean and Earth Science">Ocean and Earth Science</record>
<record type="field" id="20" sort_key="Chiropractic">Chiropractic</record>
<record type="field" id="21" sort_key="History">History</record>
<record type="field" id="22" sort_key="Library and Information Science">Library and Information Science</record>
<record type="field" id="23" sort_key="Psychiatry">Psychiatry</record>
<record type="field" id="24" sort_key="Journalism">Journalism</record>
<record type="field" id="25" sort_key="Theology">Theology</record>
<record type="field" id="26" sort_key="Electrical Engineering">Electrical Engineering</record>
<record type="field" id="27" sort_key="Optometry">Optometry</record>
<record type="field" id="28" sort_key="Business Administration">Business Administration</record>
<record type="field" id="29" sort_key="Chemistry">Chemistry</record>
<record type="field" id="30" sort_key="Classics">Classics</record>
<record type="field" id="31" sort_key="Geology">Geology</record>
<record type="field" id="32" sort_key="Political Science">Political Science</record>
<record type="field" id="33" sort_key="Geography">Geography</record>
<record type="field" id="34" sort_key="Literature">Literature</record>
<record type="field" id="35" sort_key="Astronomy">Astronomy</record>
<record type="field" id="36" sort_key="English">English</record>



<record type="subfield" id="1">
  <name>Physiology</name>
  <field id="10">Medicine</field>
</record>

<record type="subfield" id="2">
  <name>Ocean Biogeochemistry and Ecosystems</name>
  <field id="19">Ocean and Earth Science</field>
</record>

<record type="subfield" id="3">
  <name>Philosophy of Biology</name>
  <field id="1">Philosophy</field>
</record>

<record type="subfield" id="4">
  <name>Moral</name>
  <field id="1">Philosophy</field>
</record>

<record type="subfield" id="5">
  <name>Artificial Intelligence</name>
  <field id="7">Computer science</field>
</record>

<record type="subfield" id="6">
  <name>Cognitive</name>
  <field id="3">Psychology</field>
</record>

<record type="subfield" id="7">
  <name>Social</name>
  <field id="3">Psychology</field>
</record>

<record type="subfield" id="8">
  <name>Neuroscience</name>
  <field id="3">Psychology</field>
</record>

<record type="subfield" id="9">
  <name>Cognitive Robotics</name>
  <field id="5">Robotics</field>
</record>

<record type="subfield" id="10">
  <name>Philosophy of Science</name>
  <field id="1">Philosophy</field>
</record>

<record type="subfield" id="11">
  <name>Zoology</name>
  <field id="16">Biology</field>
</record>

<record type="subfield" id="12">
  <name>Ethology</name>
  <field id="16">Biology</field>
</record>

<record type="subfield" id="13">
  <name>Organizational Behavior</name>
  <field id="3">Psychology</field>
</record>

<record type="subfield" id="14">
  <name>Neurophysics</name>
  <field id="9">Physics</field>
</record>

<record type="subfield" id="15">
  <name>Developmental</name>
  <field id="3">Psychology</field>
</record>

<record type="subfield" id="16">
  <name>Cognitive</name>
  <field id="4">Neuroscience</field>
</record>

<record type="subfield" id="17">
  <name>Moral</name>
  <field id="3">Psychology</field>
</record>

<record type="subfield" id="18">
  <name>Behavioral</name>
  <field id="3">Psychology</field>
</record>

<record type="subfield" id="19">
  <name>Clinical</name>
  <field id="3">Psychology</field>
</record>

<record type="subfield" id="20">
  <name>Sociobiology</name>
  <field id="16">Biology</field>
</record>

<record type="subfield" id="21">
  <name>Evolutionary</name>
  <field id="3">Psychology</field>
</record>

<record type="subfield" id="22">
  <name>Affective</name>
  <field id="4">Neuroscience</field>
</record>

<record type="subfield" id="23">
  <name>Classical Studies</name>
  <field id="21">History</field>
</record>

<record type="subfield" id="24">
  <name>Psychiatry</name>
  <field id="10">Medicine</field>
</record>

<record type="subfield" id="25">
  <name>Knowledge Organization</name>
  <field id="22">Library and Information Science</field>
</record>

<record type="subfield" id="26">
  <name>Biological</name>
  <field id="3">Psychology</field>
</record>

<record type="subfield" id="27">
  <name>Philosophy of Action</name>
  <field id="1">Philosophy</field>
</record>

<record type="subfield" id="28">
  <name>Computational</name>
  <field id="4">Neuroscience</field>
</record>

<record type="subfield" id="29">
  <name>Philosophy of Cognitive Science</name>
  <field id="1">Philosophy</field>
</record>

<record type="subfield" id="30">
  <name>Political Philosophy</name>
  <field id="1">Philosophy</field>
</record>

<record type="subfield" id="31">
  <name>Ancient</name>
  <field id="1">Philosophy</field>
</record>

<record type="subfield" id="32">
  <name>Philosophy of Mind</name>
  <field id="1">Philosophy</field>
</record>

<record type="subfield" id="33">
  <name>Robotics</name>
  <field id="7">Computer science</field>
</record>

<record type="subfield" id="34">
  <name>Philosophy of Language</name>
  <field id="1">Philosophy</field>
</record>

<record type="subfield" id="35">
  <name>Early Modern</name>
  <field id="1">Philosophy</field>
</record>

<record type="subfield" id="36">
  <name>Cybernetics</name>
  <field id="4">Neuroscience</field>
</record>

<record type="subfield" id="37">
  <name>Aesthetics</name>
  <field id="1">Philosophy</field>
</record>

<record type="subfield" id="38">
  <name>Philosophy of Psychology</name>
  <field id="1">Philosophy</field>
</record>

<record type="subfield" id="39">
  <name>Cosmology</name>
  <field id="9">Physics</field>
</record>

<record type="subfield" id="40">
  <name>Cultural</name>
  <field id="11">Anthropology</field>
</record>

<record type="subfield" id="41">
  <name>Computational Biology</name>
  <field id="7">Computer science</field>
</record>

<record type="subfield" id="42">
  <name>Astrophysics</name>
  <field id="9">Physics</field>
</record>

<record type="subfield" id="43">
  <name>Philosophy of Neuroscience</name>
  <field id="1">Philosophy</field>
</record>

<record type="subfield" id="44">
  <name>Control Systems</name>
  <field id="26">Electrical Engineering</field>
</record>

<record type="subfield" id="45">
  <name>Metaphysics</name>
  <field id="1">Philosophy</field>
</record>

<record type="subfield" id="46">
  <name>Theoretical</name>
  <field id="16">Biology</field>
</record>

<record type="subfield" id="47">
  <name>Philosophy of Law</name>
  <field id="1">Philosophy</field>
</record>

<record type="subfield" id="48">
  <name>Philosophy of Physics</name>
  <field id="1">Philosophy</field>
</record>

<record type="subfield" id="49">
  <name>Biological Mathematics</name>
  <field id="14">Mathematics</field>
</record>

<record type="subfield" id="50">
  <name>Systems Science</name>
  <field id="28">Business Administration</field>
</record>

<record type="subfield" id="51">
  <name>Logic</name>
  <field id="1">Philosophy</field>
</record>

<record type="subfield" id="52">
  <name>Philosophy of Religion</name>
  <field id="1">Philosophy</field>
</record>

<record type="subfield" id="53">
  <name>Physics of biological systems</name>
  <field id="9">Physics</field>
</record>

<record type="subfield" id="54">
  <name>Neurophysiology</name>
  <field id="10">Medicine</field>
</record>

<record type="subfield" id="55">
  <name>Socioeconomics</name>
  <field id="18">Economics</field>
</record>

<record type="subfield" id="56">
  <name>Biochemistry</name>
  <field id="29">Chemistry</field>
</record>

<record type="subfield" id="57">
  <name>History of Psychology</name>
  <field id="3">Psychology</field>
</record>

<record type="subfield" id="58">
  <name>History of Economics</name>
  <field id="18">Economics</field>
</record>

<record type="subfield" id="59">
  <name>Human Computer Interaction</name>
  <field id="7">Computer science</field>
</record>

<record type="subfield" id="60">
  <name>Evolutionary</name>
  <field id="16">Biology</field>
</record>

<record type="subfield" id="61">
  <name>Epistemology</name>
  <field id="1">Philosophy</field>
</record>

<record type="subfield" id="62">
  <name>Behavioral</name>
  <field id="18">Economics</field>
</record>

<record type="subfield" id="63">
  <name>Microbiology</name>
  <field id="16">Biology</field>
</record>

<record type="subfield" id="64">
  <name>Soft Computing</name>
  <field id="7">Computer science</field>
</record>

<record type="subfield" id="65">
  <name>Biological</name>
  <field id="11">Anthropology</field>
</record>

<record type="subfield" id="66">
  <name>Political</name>
  <field id="12">Sociology</field>
</record>

<record type="subfield" id="67">
  <name>Computational</name>
  <field id="14">Mathematics</field>
</record>

<record type="subfield" id="68">
  <name>Hydrology</name>
  <field id="31">Geology</field>
</record>

<record type="subfield" id="69">
  <name>Atmospheric Sciences</name>
  <field id="31">Geology</field>
</record>

<record type="subfield" id="70">
  <name>Plastic Surgery</name>
  <field id="10">Medicine</field>
</record>

<record type="subfield" id="71">
  <name>Chemical</name>
  <field id="9">Physics</field>
</record>

<record type="subfield" id="72">
  <name>Botany</name>
  <field id="16">Biology</field>
</record>

<record type="subfield" id="73">
  <name>Statistics</name>
  <field id="14">Mathematics</field>
</record>

<record type="subfield" id="74">
  <name>Molecular</name>
  <field id="16">Biology</field>
</record>

<record type="subfield" id="75">
  <name>Mathematical</name>
  <field id="9">Physics</field>
</record>

<record type="subfield" id="76">
  <name>English Literature</name>
  <field id="34">Literature</field>
</record>

<record type="subfield" id="77">
  <name>Complex Systems</name>
  <field id="14">Mathematics</field>
</record>

<record type="subfield" id="78">
  <name>History of Science</name>
  <field id="21">History</field>
</record>

<record type="subfield" id="79">
  <name>Paleontology</name>
  <field id="16">Biology</field>
</record>

<record type="subfield" id="80">
  <name>Marketing</name>
  <field id="28">Business Administration</field>
</record>

<record type="subfield" id="81">
  <name>Jewish Theology</name>
  <field id="25">Theology</field>
</record>




<record type="work_type" id="1" sort_key="Paper">Paper</record>
<record type="work_type" id="2" sort_key="Book">Book</record>
<record type="work_type" id="3" sort_key="Web page">Web Page</record>
<record type="work_type" id="4" sort_key="Chapter">Chapter</record>
<record type="work_type" id="5" sort_key="Recorded Lecture">Recording of Talk or Lecture</record>
<record type="work_type" id="6" sort_key="Set of Unentered Work Files">Set of Unentered Work Files</record>



<record type="country" id="1" sort_key="AAA">United States</record>
<record type="country" id="2" sort_key="Canada">Canada</record>
<record type="country" id="3" sort_key="Australia">Australia</record>
<record type="country" id="4" sort_key="England">England</record>
<record type="country" id="5" sort_key="Italy">Italy</record>
<record type="country" id="6" sort_key="France">France</record>
<record type="country" id="7" sort_key="Ireland">Ireland</record>
<record type="country" id="8" sort_key="Scotland">Scotland</record>
<record type="country" id="9" sort_key="Germany">Germany</record>
<record type="country" id="10" sort_key="Israel">Israel</record>
<record type="country" id="11" sort_key="Turkey">Turkey</record>
<record type="country" id="12" sort_key="Netherlands">Netherlands</record>
<record type="country" id="13" sort_key="Taiwan">Taiwan</record>
<record type="country" id="14" sort_key="South Africa">South Africa</record>
<record type="country" id="15" sort_key="Switzerland">Switzerland</record>
<record type="country" id="16" sort_key="Russia">Russia</record>
<record type="country" id="17" sort_key="Belgium">Belgium</record>
<record type="country" id="18" sort_key="Wales">Wales</record>
<record type="country" id="19" sort_key="Sweden">Sweden</record>
<record type="country" id="20" sort_key="China">China</record>
<record type="country" id="21" sort_key="South Korea">South Korea</record>
<record type="country" id="22" sort_key="Denmark">Denmark</record>
<record type="country" id="23" sort_key="Spain">Spain</record>
<record type="country" id="24" sort_key="Indonesia">Indonesia</record>
<record type="country" id="25" sort_key="Austria">Austria</record>
<record type="country" id="26" sort_key="New Zealand">New Zealand</record>
<record type="country" id="27" sort_key="Greece">Greece</record>
<record type="country" id="28" sort_key="Hungary">Hungary</record>
<record type="country" id="29" sort_key="Japan">Japan</record>
<record type="country" id="30" sort_key="Poland">Poland</record>
<record type="country" id="31" sort_key="Chile">Chile</record>
<record type="country" id="32" sort_key="Czech Republic">Czech Republic</record>
<record type="country" id="33" sort_key="Argentina">Argentina</record>
<record type="country" id="34" sort_key="Norway">Norway</record>
<record type="country" id="35" sort_key="Mexico">Mexico</record>
<record type="country" id="36" sort_key="Singapore">Singapore</record>
<record type="country" id="37" sort_key="Brazil">Brazil</record>
<record type="country" id="38" sort_key="Qatar">Qatar</record>
<record type="country" id="39" sort_key="Romania">Romania</record>
<record type="country" id="40" sort_key="Finland">Finland</record>



<record type="region" id="1">
  <name>Alabama</name>
  <abbreviation>AL</abbreviation>
  <country id="1">United States</country>
</record>

<record type="region" id="2">
  <name>Alaska</name>
  <abbreviation>AK</abbreviation>
  <country id="1">United States</country>
</record>

<record type="region" id="3">
  <name>Arizona</name>
  <abbreviation>AZ</abbreviation>
  <country id="1">United States</country>
</record>

<record type="region" id="4">
  <name>Arkansas</name>
  <abbreviation>AR</abbreviation>
  <country id="1">United States</country>
</record>

<record type="region" id="5">
  <name>California</name>
  <abbreviation>CA</abbreviation>
  <country id="1">United States</country>
</record>

<record type="region" id="6">
  <name>Colorado</name>
  <abbreviation>CO</abbreviation>
  <country id="1">United States</country>
</record>

<record type="region" id="7">
  <name>Connecticut</name>
  <abbreviation>CT</abbreviation>
  <country id="1">United States</country>
</record>

<record type="region" id="8">
  <name>Delaware</name>
  <abbreviation>DE</abbreviation>
  <country id="1">United States</country>
</record>

<record type="region" id="9">
  <name>Florida</name>
  <abbreviation>FL</abbreviation>
  <country id="1">United States</country>
</record>

<record type="region" id="10">
  <name>Georgia</name>
  <abbreviation>GA</abbreviation>
  <country id="1">United States</country>
</record>

<record type="region" id="11">
  <name>Hawaii</name>
  <abbreviation>HI</abbreviation>
  <country id="1">United States</country>
</record>

<record type="region" id="12">
  <name>Idaho</name>
  <abbreviation>ID</abbreviation>
  <country id="1">United States</country>
</record>

<record type="region" id="13">
  <name>Illinois</name>
  <abbreviation>IL</abbreviation>
  <country id="1">United States</country>
</record>

<record type="region" id="14">
  <name>Indiana</name>
  <abbreviation>IN</abbreviation>
  <country id="1">United States</country>
</record>

<record type="region" id="15">
  <name>Iowa</name>
  <abbreviation>IA</abbreviation>
  <country id="1">United States</country>
</record>

<record type="region" id="16">
  <name>Kansas</name>
  <abbreviation>KS</abbreviation>
  <country id="1">United States</country>
</record>

<record type="region" id="17">
  <name>Kentucky</name>
  <abbreviation>KY</abbreviation>
  <country id="1">United States</country>
</record>

<record type="region" id="18">
  <name>Louisiana</name>
  <abbreviation>LA</abbreviation>
  <country id="1">United States</country>
</record>

<record type="region" id="19">
  <name>Maine</name>
  <abbreviation>ME</abbreviation>
  <country id="1">United States</country>
</record>

<record type="region" id="20">
  <name>Maryland</name>
  <abbreviation>MD</abbreviation>
  <country id="1">United States</country>
</record>

<record type="region" id="21">
  <name>Massachusetts</name>
  <abbreviation>MA</abbreviation>
  <country id="1">United States</country>
</record>

<record type="region" id="22">
  <name>Michigan</name>
  <abbreviation>MI</abbreviation>
  <country id="1">United States</country>
</record>

<record type="region" id="23">
  <name>Minnesota</name>
  <abbreviation>MN</abbreviation>
  <country id="1">United States</country>
</record>

<record type="region" id="24">
  <name>Mississippi</name>
  <abbreviation>MS</abbreviation>
  <country id="1">United States</country>
</record>

<record type="region" id="25">
  <name>Missouri</name>
  <abbreviation>MO</abbreviation>
  <country id="1">United States</country>
</record>

<record type="region" id="26">
  <name>Montana</name>
  <abbreviation>MT</abbreviation>
  <country id="1">United States</country>
</record>

<record type="region" id="27">
  <name>Nebraska</name>
  <abbreviation>NE</abbreviation>
  <country id="1">United States</country>
</record>

<record type="region" id="28">
  <name>Nevada</name>
  <abbreviation>NV</abbreviation>
  <country id="1">United States</country>
</record>

<record type="region" id="29">
  <name>New Hampshire</name>
  <abbreviation>NH</abbreviation>
  <country id="1">United States</country>
</record>

<record type="region" id="30">
  <name>New Jersey</name>
  <abbreviation>NJ</abbreviation>
  <country id="1">United States</country>
</record>

<record type="region" id="31">
  <name>New Mexico</name>
  <abbreviation>NM</abbreviation>
  <country id="1">United States</country>
</record>

<record type="region" id="32">
  <name>New York</name>
  <abbreviation>NY</abbreviation>
  <country id="1">United States</country>
</record>

<record type="region" id="33">
  <name>North Carolina</name>
  <abbreviation>NC</abbreviation>
  <country id="1">United States</country>
</record>

<record type="region" id="34">
  <name>North Dakota</name>
  <abbreviation>ND</abbreviation>
  <country id="1">United States</country>
</record>

<record type="region" id="35">
  <name>Ohio</name>
  <abbreviation>OH</abbreviation>
  <country id="1">United States</country>
</record>

<record type="region" id="36">
  <name>Oklahoma</name>
  <abbreviation>OK</abbreviation>
  <country id="1">United States</country>
</record>

<record type="region" id="37">
  <name>Oregon</name>
  <abbreviation>OR</abbreviation>
  <country id="1">United States</country>
</record>

<record type="region" id="38">
  <name>Pennsylvania</name>
  <abbreviation>PA</abbreviation>
  <country id="1">United States</country>
</record>

<record type="region" id="39">
  <name>Rhode Island</name>
  <abbreviation>RI</abbreviation>
  <country id="1">United States</country>
</record>

<record type="region" id="40">
  <name>South Carolina</name>
  <abbreviation>SC</abbreviation>
  <country id="1">United States</country>
</record>

<record type="region" id="41">
  <name>South Dakota</name>
  <abbreviation>SD</abbreviation>
  <country id="1">United States</country>
</record>

<record type="region" id="42">
  <name>Tennessee</name>
  <abbreviation>TN</abbreviation>
  <country id="1">United States</country>
</record>

<record type="region" id="43">
  <name>Texas</name>
  <abbreviation>TX</abbreviation>
  <country id="1">United States</country>
</record>

<record type="region" id="44">
  <name>Utah</name>
  <abbreviation>UT</abbreviation>
  <country id="1">United States</country>
</record>

<record type="region" id="45">
  <name>Vermont</name>
  <abbreviation>VT</abbreviation>
  <country id="1">United States</country>
</record>

<record type="region" id="46">
  <name>Virginia</name>
  <abbreviation>VA</abbreviation>
  <country id="1">United States</country>
</record>

<record type="region" id="47">
  <name>Washington</name>
  <abbreviation>WA</abbreviation>
  <country id="1">United States</country>
</record>

<record type="region" id="48">
  <name>West Virginia</name>
  <abbreviation>WV</abbreviation>
  <country id="1">United States</country>
</record>

<record type="region" id="49">
  <name>Wisconsin</name>
  <abbreviation>WI</abbreviation>
  <country id="1">United States</country>
</record>

<record type="region" id="50">
  <name>Wyoming</name>
  <abbreviation>WY</abbreviation>
  <country id="1">United States</country>
</record>

<record type="region" id="51">
  <name>District of Columbia</name>
  <abbreviation>DC</abbreviation>
  <country id="1">United States</country>
</record>




<record type="position_verdict" id="1" sort_key="AAA" list_name="True">Position is true</record>
<record type="position_verdict" id="2" sort_key="AAB" list_name="False">Position is false</record>
<record type="position_verdict" id="3" sort_key="AAC" list_name="Valuable">Position can advance discussion/research</record>
<record type="position_verdict" id="4" sort_key="AAD" list_name="Non-valuable">Position is not worth investigation/discussion</record>
<record type="position_verdict" id="5" sort_key="AAE" list_name="Unsupported">Position is not supported by evidence</record>
<record type="position_verdict" id="6" sort_key="AAF" list_name="Reasonable">Position is the reasonable conclusion</record>
<record type="position_verdict" id="7" sort_key="AAG" list_name="Bad methodology">Position rests on bad methodology</record>
<record type="position_verdict" id="8" sort_key="AAH" list_name="Untestable">Position is empirically untestable</record>
<record type="position_verdict" id="9" sort_key="AAI" list_name="Unknowable">Position is unknowable in principle</record>
<record type="position_verdict" id="10" sort_key="AAJ" list_name="Uninteresting">Position is uninteresting</record>
<record type="position_verdict" id="11" sort_key="AAK" list_name="Inconsequential">Position is inconsequential</record>
<record type="position_verdict" id="12" sort_key="AAL" list_name="Fallacious">Position necessarily rests on fallacy</record>
<record type="position_verdict" id="13" sort_key="AAM" list_name="Meaningless">Position is meaningless</record>
<record type="position_verdict" id="14" sort_key="AAN" list_name="Incoherent">Position is incoherent</record>
<record type="position_verdict" id="15" sort_key="AAO" list_name="Irrational">Position is irrational</record>
<record type="position_verdict" id="16" sort_key="AAP" list_name="Too radical">Position is too radical</record>
<record type="position_verdict" id="17" sort_key="AAQ" list_name="Morally right">Position is the morally right conclusion</record>
<record type="position_verdict" id="18" sort_key="AAR" list_name="Morally wrong">Position is the morally wrong conclusion</record>
<record type="position_verdict" id="19" sort_key="AABA" list_name="Incomplete">Position is incomplete</record>
<record type="position_verdict" id="20" sort_key="AABB" list_name="Absurd">Position reduces to absurdity</record>



<record type="argument_verdict" id="101" sort_key="BBA" list_name="Arg fails">Argument fails</record>
<record type="argument_verdict" id="102" sort_key="BBB" list_name="Arg misses point">Argument misses the point</record>
<record type="argument_verdict" id="103" sort_key="BBC" list_name="Arg is fallacious">Argument commits fallacy</record>
<record type="argument_verdict" id="104" sort_key="BBD" list_name="Arg is unclear">Argument is unclear</record>
<record type="argument_verdict" id="105" sort_key="BBE" list_name="Arg is confused">Argument is confused</record>
<record type="argument_verdict" id="106" sort_key="BBF" list_name="Arg is implausible">Argument is implausible</record>
<record type="argument_verdict" id="107" sort_key="BBG" list_name="Arg is absurd">Argument is absurd</record>
<record type="argument_verdict" id="108" sort_key="BBH" list_name="Arg succeeds">Argument succeeds</record>
<record type="argument_verdict" id="109" sort_key="BBI" list_name="Arg nearly succeeds">Argument nearly succeeds</record>



<record type="institution_type" id="1" sort_key="BBB">University System</record>
<record type="institution_type" id="2" sort_key="CCC">University</record>
<record type="institution_type" id="3" sort_key="DDD">University Campus</record>
<record type="institution_type" id="4" sort_key="EEE">Division</record>
<record type="institution_type" id="5" sort_key="FFF">School</record>
<record type="institution_type" id="6" sort_key="GGG">College System</record>
<record type="institution_type" id="7" sort_key="HHH">College</record>
<record type="institution_type" id="8" sort_key="III">College Campus</record>
<record type="institution_type" id="9" sort_key="JJJ">Faculty</record>
<record type="institution_type" id="10" sort_key="KKK">Department</record>
<record type="institution_type" id="11" sort_key="LLL">Institute</record>
<record type="institution_type" id="12" sort_key="MMM">Government Agency</record>
<record type="institution_type" id="13" sort_key="NNN">Non-governmental Research Organization</record>







</records>